{
  "type": "GenericCrafter",
  "name": "Bottle Oil fabric",
  "description": "It sti[blue]nks o[red]f oil.",
  "health": 1000,
  "size": 3,
  "requirements": [
    { "item": "copper", "amount": 600},
    { "item": "lead", "amount": 460},
    { "item": "titanium", "amount": 330}
  ],
  "research": "oil_fabric",
  "hasPower": true,
  "hasItems": true,
  "hasLiquids": true,
  "craftTime": 400,
  "consumes": {
    "power": 1,
    "items": {
      "items": [
        { "item": "coal", "amount": 1},
        { "item": "metaglass", "amount": 1},
        { "item": "energy_crystal", "amount": 1}
      ]
    }
  },
  "category": "crafting",
  "idleSoundVolume": 0.5,
  "itemCapacity": 25,
  "outputItem": { "item": "bottle_oil", "amount": 1}
}