{
  "type": "GenericCrafter",
  "name": "Energy Crystal Fabric",
  "description": "I think it's too expensive.",
  "health": 300,
  "size": 3,
  "requirements": [
    { "item": "copper", "amount": 600},
    { "item": "lead", "amount": 460},
    { "item": "titanium", "amount": 330}
  ],
  "research": "kiln",
  "hasPower": true,
  "hasItems": true,
  "hasLiquids": false,
  "craftTime": 700,
  "consumes": {
    "power": 5,
    "items": {
      "items": [
        { "item": "copper", "amount": 2},
		{ "item": "lead", "amount": 2},
		{ "item": "titanium", "amount": 1}
      ]
    }
  },
  "category": "crafting",
  "idleSoundVolume": 0.5,
  "outputItem": { "item": "energy_crystal", "amount": 4}
}