{
  "type": "GenericCrafter",
  "name": "Energy Graphite Fabric",
  "description": "Mmmmm.... Hueta.",
  "health": 150,
  "size": 3,
  "requirements": [
    { "item": "copper", "amount": 600},
    { "item": "lead", "amount": 280},
    { "item": "titanium", "amount": 200}
  ],
  "research": "scrap_fabric",
  "hasPower": true,
  "hasItems": true,
  "hasLiquids": false,
  "craftTime": 300,
  "consumes": {
    "power": 5,
    "items": {
      "items": [
        { "item": "energy_crystal", "amount": 1},
        { "item": "coal", "amount": 1}
      ]
    }
  },
  "category": "crafting",
  "idleSoundVolume": 25,
  "itemCapacity": 25,
  "outputItem": { "item": "graphite", "amount": 15}
}