{
  "type": "GenericCrafter",
  "name": "Ice Melter"
  "description": "Water, [blue]Water, [red]Water...",
  "health": 1000,
  "size": 3,
  "requirements": [
    { "item": "copper", "amount": 600},
    { "item": "lead", "amount": 460},
    { "item": "titanium", "amount": 330}
  ],
  "research": "oil_separator",
  "hasPower": true,
  "hasItems": true,
  "hasLiquids": true,
  "craftTime": 400,
  "consumes": {
    "power": 1,
    "items": {
      "items": [
        { "item": "ice", "amount": 1}
      ]
    }
  },
  "category": "crafting",
  "idleSoundVolume": 0.5,
  "itemCapacity": 25,
  "outputLiquid": { "liquid": "water", "amount": 1}
}